{
    "map_name": "room1",
    "position": {
        "x": -0.766123533633998,
        "y": -1.673270825206563,
        "z": 0.0
    },
    "orientation": {
        "x": 0.0,
        "y": 0.0,
        "z": -0.3010535421654456,
        "w": 0.953607238201157
    },
    "covariance": [
        0.02348263040177184,
        0.0013739204810378827,
        0.0,
        0.0,
        0.0,
        0.0,
        0.0013739204810378827,
        0.026475741497247525,
        0.0,
        0.0,
        0.0,
        0.0,
        0.0,
        0.0,
        0.0,
        0.0,
        0.0,
        0.0,
        0.0,
        0.0,
        0.0,
        0.0,
        0.0,
        0.0,
        0.0,
        0.0,
        0.0,
        0.0,
        0.0,
        0.0,
        0.0,
        0.0,
        0.0,
        0.0,
        0.0,
        0.013971864595037766
    ],
    "frame_id": "map"
}