{
    "room1": {
        "x": -0.7789449310022416,
        "y": -1.6171381048430689,
        "z": 0.0,
        "ox": 0.0,
        "oy": 0.0,
        "oz": -0.04677568985914869,
        "ow": 0.9989054183646221,
        "frame_id": "map"
    },
    "EEfloor_6": {
        "x": -0.553829601596466,
        "y": -8.485163722199003,
        "z": 0.0,
        "ox": 0.0,
        "oy": 0.0,
        "oz": -0.9952271275393738,
        "ow": 0.09758567830233601,
        "frame_id": "map"
    }
}